{"IcoMoonType":"selection","icons":[{"icon":{"paths":["M804.571 420.571v109.714c0 30.286-24.571 54.857-54.857 54.857h-237.714v237.714c0 30.286-24.571 54.857-54.857 54.857h-109.714c-30.286 0-54.857-24.571-54.857-54.857v-237.714h-237.714c-30.286 0-54.857-24.571-54.857-54.857v-109.714c0-30.286 24.571-54.857 54.857-54.857h237.714v-237.714c0-30.286 24.571-54.857 54.857-54.857h109.714c30.286 0 54.857 24.571 54.857 54.857v237.714h237.714c30.286 0 54.857 24.571 54.857 54.857z"],"width":804.5714285714286,"attrs":[],"isMulticolor":false,"isMulticolor2":false,"tags":["plus"],"defaultCode":61543,"grid":14},"attrs":[],"properties":{"name":"plus","id":1,"order":2,"prevSize":28,"code":61543},"setIdx":0,"setId":0,"iconIdx":1},{"icon":{"paths":["M741.714 755.429c0 14.286-5.714 28.571-16 38.857l-77.714 77.714c-10.286 10.286-24.571 16-38.857 16s-28.571-5.714-38.857-16l-168-168-168 168c-10.286 10.286-24.571 16-38.857 16s-28.571-5.714-38.857-16l-77.714-77.714c-10.286-10.286-16-24.571-16-38.857s5.714-28.571 16-38.857l168-168-168-168c-10.286-10.286-16-24.571-16-38.857s5.714-28.571 16-38.857l77.714-77.714c10.286-10.286 24.571-16 38.857-16s28.571 5.714 38.857 16l168 168 168-168c10.286-10.286 24.571-16 38.857-16s28.571 5.714 38.857 16l77.714 77.714c10.286 10.286 16 24.571 16 38.857s-5.714 28.571-16 38.857l-168 168 168 168c10.286 10.286 16 24.571 16 38.857z"],"width":804.5714285714286,"attrs":[],"isMulticolor":false,"isMulticolor2":false,"tags":["close","remove","times"],"defaultCode":61453,"grid":14},"attrs":[],"properties":{"name":"close, remove, times","id":17,"order":7,"prevSize":28,"code":61453},"setIdx":0,"setId":0,"iconIdx":17},{"icon":{"paths":["M207.429 877.714l52-52-134.286-134.286-52 52v61.143h73.143v73.143h61.143zM506.286 347.429c0-7.429-5.143-12.571-12.571-12.571-3.429 0-6.857 1.143-9.714 4l-309.714 309.714c-2.857 2.857-4 6.286-4 9.714 0 7.429 5.143 12.571 12.571 12.571 3.429 0 6.857-1.143 9.714-4l309.714-309.714c2.857-2.857 4-6.286 4-9.714zM475.429 237.714l237.714 237.714-475.429 475.429h-237.714v-237.714zM865.714 292.571c0 19.429-8 38.286-21.143 51.429l-94.857 94.857-237.714-237.714 94.857-94.286c13.143-13.714 32-21.714 51.429-21.714s38.286 8 52 21.714l134.286 133.714c13.143 13.714 21.143 32.571 21.143 52z"],"width":865.7188571428571,"attrs":[],"isMulticolor":false,"isMulticolor2":false,"tags":["pencil"],"defaultCode":61504,"grid":14},"attrs":[],"properties":{"name":"pencil","id":64,"order":6,"prevSize":28,"code":61504},"setIdx":0,"setId":0,"iconIdx":64}],"height":1024,"metadata":{"name":"commandowl"},"preferences":{"showGlyphs":true,"showCodes":true,"showQuickUse":true,"showQuickUse2":true,"showSVGs":true,"fontPref":{"prefix":"icon-","metadata":{"fontFamily":"commandowl","majorVersion":1,"minorVersion":0},"metrics":{"emSize":1024,"baseline":6.25,"whitespace":50},"embed":false,"autoHost":false,"cssVars":true,"cssVarsFormat":"scss","showSelector":false,"showMetrics":false,"showMetadata":false,"showVersion":false},"imagePref":{"prefix":"icon-","png":true,"useClassSelector":true,"color":0,"bgColor":16777215},"historySize":50,"quickUsageToken":{"Commandowl":"ZmU3MDc1MWRjZGQzZmY5YWEyOGU3NGJiMzdlNWUxMzgjMSMxNTUyMzI2NTcyIyMj"}}}